{
  "est_path": "Outputs/Bonn/bonn_crowd/traj/est_poses_full.txt",
  "gt_path": "datasets/Bonn/rgbd_bonn_crowd/groundtruth.txt",
  "num_est_poses": 928,
  "num_gt_poses": 928,
  "num_associated_poses": 928,
  "sim3_scale": 1.1285588806674394,
  "sim3_correct_scale": 1,
  "normalized_gt_length": 0,
  "associate_by_index": 1,
  "rpe_delta": 1,
  "ate_mean": 0.014677619962888416,
  "ate_median": 0.01303722514225224,
  "ate_rmse": 0.01722938351132909,
  "ate_min": 0.0006490895851095257,
  "ate_max": 0.06359591994027303,
  "ate_p90": 0.028055611127240542,
  "rpe_t_mean": 0.005898191334397025,
  "rpe_t_median": 0.005125208119627639,
  "rpe_t_rmse": 0.007311394354052797,
  "rpe_t_min": 0.0002079597714755629,
  "rpe_t_max": 0.07152007638359668,
  "rpe_t_p90": 0.010526570909378521,
  "rpe_r_deg_mean": 0.5171190677102054,
  "rpe_r_deg_median": 0.4642691658375155,
  "rpe_r_deg_rmse": 0.5935504558959227,
  "rpe_r_deg_min": 0.040819003464210295,
  "rpe_r_deg_max": 1.961615695619056,
  "rpe_r_deg_p90": 0.8923440661732374,
  "pose_auc_at_5": 48.51725112949515,
  "pose_auc_at_10": 37.518994991379074,
  "pose_auc_at_20": 38.535341404364644,
  "pose_auc_at_30": 39.77323855001986
}