{
  "est_path": "output\\Bonn\\bonn_person_tracking2\\traj\\est_poses_full.txt",
  "gt_path": "datasets\\Bonn\\rgbd_bonn_person_tracking2\\groundtruth.txt",
  "num_est_poses": 567,
  "num_gt_poses": 567,
  "num_associated_poses": 567,
  "sim3_scale": 1.3185342027783282,
  "sim3_correct_scale": 1,
  "normalized_gt_length": 0,
  "associate_by_index": 1,
  "rpe_delta": 1,
  "ate_mean": 0.023983414664915936,
  "ate_median": 0.023834763736051118,
  "ate_rmse": 0.025588821450109066,
  "ate_min": 0.0024057171402307,
  "ate_max": 0.053781947863280166,
  "ate_p90": 0.036612637848009215,
  "rpe_t_mean": 0.01351716412418309,
  "rpe_t_median": 0.01216445428036238,
  "rpe_t_rmse": 0.015655499508761647,
  "rpe_t_min": 0.0015718166678348722,
  "rpe_t_max": 0.04948662441924959,
  "rpe_t_p90": 0.023683954616249062,
  "rpe_r_deg_mean": 1.120111495149609,
  "rpe_r_deg_median": 1.073710821952786,
  "rpe_r_deg_rmse": 1.2392922774937825,
  "rpe_r_deg_min": 0.12264399811498845,
  "rpe_r_deg_max": 3.3773535023142407,
  "rpe_r_deg_p90": 1.7890265582292921,
  "pose_auc_at_5": 39.137369717962976,
  "pose_auc_at_10": 34.34918910987888,
  "pose_auc_at_20": 36.65430990857224,
  "pose_auc_at_30": 39.931113818683514
}