{
  "est_path": "Outputs/Bonn/bonn_person_tracking2_d4rt_smoke/traj/est_poses_full.txt",
  "gt_path": "datasets/Bonn/rgbd_bonn_person_tracking2/groundtruth.txt",
  "num_est_poses": 8,
  "num_gt_poses": 8,
  "num_associated_poses": 8,
  "sim3_scale": 0.9511988875716306,
  "sim3_correct_scale": 1,
  "normalized_gt_length": 0,
  "associate_by_index": 1,
  "rpe_delta": 1,
  "ate_mean": 0.01277284047149421,
  "ate_median": 0.014480382295661636,
  "ate_rmse": 0.013609088044027186,
  "ate_min": 0.004530931667732749,
  "ate_max": 0.019052500308882347,
  "ate_p90": 0.01799642629019347,
  "rpe_t_mean": 0.01587273767524027,
  "rpe_t_median": 0.012265168541547007,
  "rpe_t_rmse": 0.0173646074963284,
  "rpe_t_min": 0.00765755204671982,
  "rpe_t_max": 0.0300186575854513,
  "rpe_t_p90": 0.02512333177299159,
  "rpe_r_deg_mean": 1.357726853512808,
  "rpe_r_deg_median": 1.3770254860059161,
  "rpe_r_deg_rmse": 1.4507607055572973,
  "rpe_r_deg_min": 0.7152574747762562,
  "rpe_r_deg_max": 1.989513927399947,
  "rpe_r_deg_p90": 1.9765244246477682,
  "pose_auc_at_5": 0.0,
  "pose_auc_at_10": 0.0,
  "pose_auc_at_20": 0.0,
  "pose_auc_at_30": 59.93126850628146
}