{
  "est_path": "Outputs/Bonn/bonn_crowd2_d4rt_smoke/traj/est_poses_full.txt",
  "gt_path": "datasets/Bonn/rgbd_bonn_crowd2/groundtruth.txt",
  "num_est_poses": 8,
  "num_gt_poses": 8,
  "num_associated_poses": 8,
  "sim3_scale": 0.03090307996305014,
  "sim3_correct_scale": 1,
  "normalized_gt_length": 0,
  "associate_by_index": 1,
  "rpe_delta": 1,
  "ate_mean": 0.005674921478653019,
  "ate_median": 0.006081072569179758,
  "ate_rmse": 0.006753075336512172,
  "ate_min": 0.0002857680408748546,
  "ate_max": 0.010707232028199707,
  "ate_p90": 0.01033249720766193,
  "rpe_t_mean": 0.003250353095022205,
  "rpe_t_median": 0.0027544489631689687,
  "rpe_t_rmse": 0.0033641648915226337,
  "rpe_t_min": 0.00230834360744196,
  "rpe_t_max": 0.004833909003195425,
  "rpe_t_p90": 0.004433861325484198,
  "rpe_r_deg_mean": 2.5169703891006034,
  "rpe_r_deg_median": 3.108458606313315,
  "rpe_r_deg_rmse": 2.901242252860306,
  "rpe_r_deg_min": 0.42911479574244443,
  "rpe_r_deg_max": 4.360660247136725,
  "rpe_r_deg_p90": 4.1491682209040865,
  "pose_auc_at_5": 0.0,
  "pose_auc_at_10": 61.83040137132514,
  "pose_auc_at_20": 80.91520068566255,
  "pose_auc_at_30": 87.27680045710838
}