{
  "est_path": "output\\Bonn\\bonn_moving_nonobstructing_box2\\traj\\est_poses_full.txt",
  "gt_path": "datasets\\Bonn\\rgbd_bonn_moving_nonobstructing_box2\\groundtruth.txt",
  "num_est_poses": 937,
  "num_gt_poses": 937,
  "num_associated_poses": 937,
  "sim3_scale": 1.2498939505566693,
  "sim3_correct_scale": 1,
  "normalized_gt_length": 0,
  "associate_by_index": 1,
  "rpe_delta": 1,
  "ate_mean": 0.021397110075738628,
  "ate_median": 0.019917111386160844,
  "ate_rmse": 0.024738594130717054,
  "ate_min": 0.001183794132872309,
  "ate_max": 0.11227966167877837,
  "ate_p90": 0.03770495714731852,
  "rpe_t_mean": 0.014199116591575127,
  "rpe_t_median": 0.013179032750771607,
  "rpe_t_rmse": 0.017002359932091864,
  "rpe_t_min": 0.0006440946640095839,
  "rpe_t_max": 0.1083366941071068,
  "rpe_t_p90": 0.02165538428785871,
  "rpe_r_deg_mean": 0.8149070271195006,
  "rpe_r_deg_median": 0.702838099884343,
  "rpe_r_deg_rmse": 0.9466276604267634,
  "rpe_r_deg_min": 0.059628804316364664,
  "rpe_r_deg_max": 3.6590817998361675,
  "rpe_r_deg_p90": 1.4675746698346601,
  "pose_auc_at_5": 36.68422002083761,
  "pose_auc_at_10": 37.25337533628071,
  "pose_auc_at_20": 42.849677875936095,
  "pose_auc_at_30": 47.6382034487785
}