{
  "est_path": "Outputs/Bonn/bonn_moving_nonobstructing_box_d4rt_smoke/traj/est_poses_full.txt",
  "gt_path": "datasets/Bonn/rgbd_bonn_moving_nonobstructing_box/groundtruth.txt",
  "num_est_poses": 8,
  "num_gt_poses": 8,
  "num_associated_poses": 8,
  "sim3_scale": 0.5320876941757433,
  "sim3_correct_scale": 1,
  "normalized_gt_length": 0,
  "associate_by_index": 1,
  "rpe_delta": 1,
  "ate_mean": 0.011186791106537846,
  "ate_median": 0.01018255925604274,
  "ate_rmse": 0.013134852494242757,
  "ate_min": 0.0018676119171320564,
  "ate_max": 0.02473162409121346,
  "ate_p90": 0.01934977593104346,
  "rpe_t_mean": 0.009848408872988648,
  "rpe_t_median": 0.008022033595726697,
  "rpe_t_rmse": 0.010467855521847837,
  "rpe_t_min": 0.007094973489296737,
  "rpe_t_max": 0.01690965919139464,
  "rpe_t_p90": 0.014930803319438166,
  "rpe_r_deg_mean": 0.8884036482044604,
  "rpe_r_deg_median": 0.906047107907761,
  "rpe_r_deg_rmse": 0.9022075953298013,
  "rpe_r_deg_min": 0.7152324496541155,
  "rpe_r_deg_max": 1.124879221747055,
  "rpe_r_deg_p90": 1.06112425648633,
  "pose_auc_at_5": 0.0,
  "pose_auc_at_10": 0.0,
  "pose_auc_at_20": 0.0,
  "pose_auc_at_30": 0.0
}