{
  "est_path": "output\\Bonn\\bonn_crowd2\\traj\\est_poses_full.txt",
  "gt_path": "datasets\\Bonn\\rgbd_bonn_crowd2\\groundtruth.txt",
  "num_est_poses": 895,
  "num_gt_poses": 895,
  "num_associated_poses": 895,
  "sim3_scale": 1.141316680567333,
  "sim3_correct_scale": 1,
  "normalized_gt_length": 0,
  "associate_by_index": 1,
  "rpe_delta": 1,
  "ate_mean": 0.020234774202461763,
  "ate_median": 0.017832399122084525,
  "ate_rmse": 0.023265828971174542,
  "ate_min": 0.0013657574753821063,
  "ate_max": 0.08535591293752826,
  "ate_p90": 0.03354305960928623,
  "rpe_t_mean": 0.006458670117434379,
  "rpe_t_median": 0.005200841251212847,
  "rpe_t_rmse": 0.008432182153706513,
  "rpe_t_min": 0.0003930882225283772,
  "rpe_t_max": 0.06728198677437791,
  "rpe_t_p90": 0.011857995941743084,
  "rpe_r_deg_mean": 0.6031602715330674,
  "rpe_r_deg_median": 0.5405539314491558,
  "rpe_r_deg_rmse": 0.6955484613533317,
  "rpe_r_deg_min": 0.026098919831659694,
  "rpe_r_deg_max": 2.2464417431542376,
  "rpe_r_deg_p90": 1.058636827087315,
  "pose_auc_at_5": 47.99299225073872,
  "pose_auc_at_10": 37.903130316247314,
  "pose_auc_at_20": 35.19980873716997,
  "pose_auc_at_30": 34.4153457634235
}